Workshop Type,Rating
Budget,8.666666666666666
Dream Building,9.384615384615385
Resume,9.714285714285714
